Date,Value
2022-07-18,0.0
2022-07-15,0.0
2022-07-14,0.0
2022-07-13,0.001
2022-07-12,0.0
2022-07-11,0.0
2022-07-08,0.0
2022-07-07,0.0
2022-07-06,0.0
2022-07-05,0.0
2022-07-01,0.0
2022-06-30,0.0
2022-06-29,0.0
2022-06-28,0.0
2022-06-27,0.0
2022-06-24,0.0
2022-06-23,0.0
2022-06-22,0.0
2022-06-21,0.0
2022-06-17,0.0
2022-06-16,0.0
2022-06-15,0.0
2022-06-14,0.0
2022-06-13,0.0
2022-06-10,0.0
2022-06-09,0.0
2022-06-08,0.0
2022-06-07,0.0
2022-06-06,0.0
2022-06-03,0.0
2022-06-02,0.0
2022-06-01,0.0
2022-05-31,0.0
2022-05-27,0.0
2022-05-26,0.0
2022-05-25,0.0
2022-05-24,0.0
2022-05-23,0.0
2022-05-20,0.0
2022-05-19,0.001
2022-05-18,0.0
2022-05-17,0.0
2022-05-16,0.0
2022-05-13,0.0
2022-05-12,0.0
2022-05-11,0.0
2022-05-10,0.0
2022-05-09,0.0
2022-05-06,0.0
2022-05-05,0.0
2022-05-04,0.0
2022-05-03,0.0
2022-05-02,0.0
2022-04-29,0.0
2022-04-28,0.0
2022-04-27,0.0
2022-04-26,0.0
2022-04-25,0.0
2022-04-22,0.0
2022-04-21,0.0
2022-04-20,0.0
2022-04-19,0.0
2022-04-18,0.0
2022-04-14,0.0
2022-04-13,0.0
2022-04-12,0.02
2022-04-11,0.0
2022-04-08,0.0
2022-04-07,0.0
2022-04-06,0.001
2022-04-05,0.0
2022-04-04,0.0
2022-04-01,0.0
2022-03-31,0.0
2022-03-30,0.0
2022-03-29,0.0
2022-03-28,0.0
2022-03-25,0.0
2022-03-24,0.0
2022-03-23,0.0
2022-03-22,0.0
2022-03-21,0.0
2022-03-18,0.0
2022-03-17,0.0
2022-03-16,0.0
2022-03-15,0.0
2022-03-14,0.0
2022-03-11,0.0
2022-03-10,0.0
2022-03-09,0.0
2022-03-08,0.0
2022-03-07,0.0
2022-03-04,0.0
2022-03-03,0.0
2022-03-02,0.0
2022-03-01,0.0
2022-02-28,0.0
2022-02-25,0.0
2022-02-24,0.0
2022-02-23,0.0
2022-02-22,0.0
2022-02-18,0.0
2022-02-17,0.0
2022-02-16,0.0
2022-02-15,0.0
2022-02-14,0.0
2022-02-11,0.0
2022-02-10,0.0
2022-02-09,0.0
2022-02-08,0.0
2022-02-07,0.0
2022-02-04,0.0
2022-02-03,0.0
2022-02-02,0.0
2022-02-01,0.0
2022-01-31,0.0
2022-01-28,0.0
2022-01-27,0.0
2022-01-26,0.0
2022-01-25,0.0
2022-01-24,0.0
2022-01-21,0.0
2022-01-20,0.0
2022-01-19,0.0
2022-01-18,0.0
2022-01-14,0.0
2022-01-13,0.0
2022-01-12,0.0
2022-01-11,0.0
2022-01-10,0.0
2022-01-07,0.0
2022-01-06,0.0
2022-01-05,0.0
2022-01-04,0.002
2022-01-03,0.001
2021-12-31,0.0
2021-12-30,0.001
2021-12-29,0.0
2021-12-28,0.001
2021-12-27,0.0
2021-12-23,0.0
2021-12-22,0.0
2021-12-21,0.0
2021-12-20,0.0
2021-12-17,0.0
2021-12-16,0.0
2021-12-15,0.0
2021-12-14,0.0
2021-12-13,0.0
2021-12-10,0.001
2021-12-09,0.0
2021-12-08,0.0
2021-12-07,0.0
2021-12-06,0.0
2021-12-03,0.0
2021-12-02,0.0
2021-12-01,0.0
2021-11-30,0.0
2021-11-29,0.0
2021-11-26,0.0
2021-11-24,0.0
2021-11-23,0.0
2021-11-22,0.0
2021-11-19,0.0
2021-11-18,0.0
2021-11-17,0.0
2021-11-16,0.0
2021-11-15,0.0
2021-11-12,0.0
2021-11-10,0.0
2021-11-09,0.0
2021-11-08,0.0
2021-11-05,0.0
2021-11-04,0.0
2021-11-03,0.0
2021-11-02,0.0
2021-11-01,0.0
2021-10-29,0.0
2021-10-28,0.0
2021-10-27,0.0
2021-10-26,0.0
2021-10-25,0.001
2021-10-22,0.0
2021-10-21,0.0
2021-10-20,0.0
2021-10-19,0.0
2021-10-18,0.0
2021-10-15,0.0
2021-10-14,0.0
2021-10-13,0.0
2021-10-12,0.0
2021-10-08,0.0
2021-10-07,0.0
2021-10-06,0.0
2021-10-05,0.001
2021-10-04,0.0
2021-10-01,0.0
2021-09-30,0.0
2021-09-29,0.0
2021-09-28,0.0
2021-09-27,0.0
2021-09-24,0.0
2021-09-23,0.0
2021-09-22,0.0
2021-09-21,0.0
2021-09-20,0.0
2021-09-17,0.0
2021-09-16,0.0
2021-09-15,0.0
2021-09-14,0.0
2021-09-13,0.0
2021-09-10,0.0
2021-09-09,0.0
2021-09-08,0.0
2021-09-07,0.0
2021-09-03,0.0
2021-09-02,0.0
2021-09-01,0.0
2021-08-31,0.0
2021-08-30,0.0
2021-08-27,0.0
2021-08-26,0.0
2021-08-25,0.0
2021-08-24,0.0
2021-08-23,0.0
2021-08-20,0.0
2021-08-19,0.0
2021-08-18,0.0
2021-08-17,0.0
2021-08-16,0.0
2021-08-13,0.0
2021-08-12,0.0
2021-08-11,0.0
2021-08-10,0.0
2021-08-09,0.0
2021-08-06,0.0
2021-08-05,0.0
2021-08-04,0.0
2021-08-03,0.0
2021-08-02,0.0
2021-07-30,0.0
2021-07-29,0.0
2021-07-28,0.0
2021-07-27,0.0
2021-07-26,0.0
2021-07-23,0.0
2021-07-22,0.0
2021-07-21,0.0
2021-07-20,0.0
2021-07-19,0.0
2021-07-16,0.0
2021-07-15,0.0
2021-07-14,0.0
2021-07-13,0.0
2021-07-12,0.0
2021-07-09,0.0
2021-07-08,0.0
2021-07-07,0.0
2021-07-06,0.0
2021-07-02,0.0
2021-07-01,0.0
2021-06-30,0.0
2021-06-29,0.0
2021-06-28,0.0
2021-06-25,0.0
2021-06-24,0.0
2021-06-23,0.0
2021-06-22,0.0
2021-06-21,0.0
2021-06-18,0.0
2021-06-17,0.0
2021-06-16,0.0
2021-06-15,0.0
2021-06-14,0.0
2021-06-11,0.0
2021-06-10,0.0
2021-06-09,0.0
2021-06-08,0.0
2021-06-07,0.0
2021-06-04,0.0
2021-06-03,0.0
2021-06-02,0.0
2021-06-01,0.0
2021-05-28,0.0
2021-05-27,0.0
2021-05-26,0.015
2021-05-25,0.0
2021-05-24,0.0
2021-05-21,0.0
2021-05-20,0.0
2021-05-19,0.0
2021-05-18,0.0
2021-05-17,0.0
2021-05-14,0.0
2021-05-13,0.0
2021-05-12,0.0
2021-05-11,0.0
2021-05-10,0.0
2021-05-07,0.0
2021-05-06,0.0
2021-05-05,0.0
2021-05-04,0.0
2021-05-03,0.0
2021-04-30,0.0
2021-04-29,0.0
2021-04-28,0.0
2021-04-27,0.0
2021-04-26,0.0
2021-04-23,0.0
2021-04-22,0.0
2021-04-21,0.0
2021-04-20,0.0
2021-04-19,0.0
2021-04-16,0.0
2021-04-15,0.0
2021-04-14,0.0
2021-04-13,0.0
2021-04-12,0.0
2021-04-09,0.0
2021-04-08,0.0
2021-04-07,0.0
2021-04-06,0.0
2021-04-05,0.0
2021-04-01,0.0
2021-03-31,0.0
2021-03-30,0.0
2021-03-29,0.0
2021-03-26,0.0
2021-03-25,0.0
2021-03-24,0.0
2021-03-23,0.0
2021-03-22,0.0
2021-03-19,0.0
2021-03-18,0.0
2021-03-17,0.0
2021-03-16,0.0
2021-03-15,0.0
2021-03-12,0.0
2021-03-11,0.0
2021-03-10,0.0
2021-03-09,0.0
2021-03-08,0.0
2021-03-05,0.0
2021-03-04,0.0
2021-03-03,0.0
2021-03-02,0.0
2021-03-01,0.0
2021-02-26,0.0
2021-02-25,0.0
2021-02-24,0.0
2021-02-23,0.0
2021-02-22,0.0
2021-02-19,0.0
2021-02-18,0.0
2021-02-17,0.0
2021-02-16,0.0
2021-02-12,0.0
2021-02-11,0.0
2021-02-10,0.0
2021-02-09,0.0
2021-02-08,0.0
2021-02-05,0.0
2021-02-04,0.0
2021-02-03,0.0
2021-02-02,0.0
2021-02-01,0.0
2021-01-29,0.0
2021-01-28,0.0
2021-01-27,0.0
2021-01-26,0.0
2021-01-25,0.0
2021-01-22,0.0
2021-01-21,0.0
2021-01-20,0.0
2021-01-19,0.0
2021-01-15,0.0
2021-01-14,0.0
2021-01-13,0.0
2021-01-12,0.0
2021-01-11,0.0
2021-01-08,0.0
2021-01-07,0.0
2021-01-06,0.0
2021-01-05,0.0
2021-01-04,0.0
2020-12-31,0.0
2020-12-30,0.0
2020-12-29,0.0
2020-12-28,0.0
2020-12-24,0.0
2020-12-23,0.0
2020-12-22,0.0
2020-12-21,0.0
2020-12-18,0.0
2020-12-17,0.0
2020-12-16,0.0
2020-12-15,0.0
2020-12-14,0.0
2020-12-11,0.0
2020-12-10,0.0
2020-12-09,0.0
2020-12-08,0.0
2020-12-07,0.0
2020-12-04,0.0
2020-12-03,0.0
2020-12-02,0.0
2020-12-01,0.0
2020-11-30,0.0
2020-11-27,0.0
2020-11-25,0.0
2020-11-24,0.0
2020-11-23,0.0
2020-11-20,0.0
2020-11-19,0.0
2020-11-18,0.0
2020-11-17,0.0
2020-11-16,0.0
2020-11-13,0.0
2020-11-12,0.0
2020-11-10,0.0
2020-11-09,0.0
2020-11-06,0.0
2020-11-05,0.0
2020-11-04,0.0
2020-11-03,0.0
2020-11-02,0.0
2020-10-30,0.0
2020-10-29,0.0
2020-10-28,0.0
2020-10-27,0.0
2020-10-26,0.0
2020-10-23,0.0
2020-10-22,0.0
2020-10-21,0.0
2020-10-20,0.0
2020-10-19,0.0
2020-10-16,0.0
2020-10-15,0.0
2020-10-14,0.0
2020-10-13,0.0
2020-10-09,0.0
2020-10-08,0.0
2020-10-07,0.021
2020-10-06,0.0
2020-10-05,0.0
2020-10-02,0.0
2020-10-01,0.0
2020-09-30,0.0
2020-09-29,0.0
2020-09-28,0.0
2020-09-25,0.0
2020-09-24,0.0
2020-09-23,0.0
2020-09-22,0.0
2020-09-21,0.0
2020-09-18,0.0
2020-09-17,0.0
2020-09-16,0.0
2020-09-15,0.0
2020-09-14,0.0
2020-09-11,0.0
2020-09-10,0.0
2020-09-09,0.0
2020-09-08,0.0
2020-09-04,0.0
2020-09-03,0.0
2020-09-02,0.0
2020-09-01,0.0
2020-08-31,0.0
2020-08-28,0.0
2020-08-27,0.0
2020-08-26,0.0
2020-08-25,0.0
2020-08-24,0.0
2020-08-21,0.0
2020-08-20,0.0
2020-08-19,0.0
2020-08-18,0.0
2020-08-17,0.0
2020-08-14,0.0
2020-08-13,0.0
2020-08-12,0.0
2020-08-11,0.0
2020-08-10,0.0
2020-08-07,0.0
2020-08-06,0.0
2020-08-05,0.0
2020-08-04,0.0
2020-08-03,0.0
2020-07-31,0.0
2020-07-30,0.0
2020-07-29,0.0
2020-07-28,0.0
2020-07-27,0.0
2020-07-24,0.0
2020-07-23,0.0
2020-07-22,0.0
2020-07-21,0.0
2020-07-20,0.0
2020-07-17,0.0
2020-07-16,0.0
2020-07-15,0.0
2020-07-14,0.0
2020-07-13,0.0
2020-07-10,0.0
2020-07-09,0.0
2020-07-08,0.0
2020-07-07,0.0
2020-07-06,0.0
2020-07-02,3.0
2020-07-01,7.0
2020-06-30,0.0
2020-06-29,11.0
2020-06-26,15.0
2020-06-25,9.0
2020-06-24,2.0
2020-06-23,0.0
2020-06-22,0.0
2020-06-19,0.0
2020-06-18,1.0
2020-06-17,3.5
2020-06-16,20.8
2020-06-15,37.5
2020-06-12,29.75
2020-06-11,37.5
2020-06-10,37.2
2020-06-09,50.8
2020-06-08,80.45
2020-06-05,60.25
2020-06-04,39.6
2020-06-03,32.35
2020-06-02,43.6
2020-06-01,37.4
2020-05-29,23.5
2020-05-28,37.3
2020-05-27,16.2
2020-05-26,21.8
2020-05-22,22.2
2020-05-21,8.5
2020-05-20,6.0
2020-05-19,1.0
2020-05-18,0.0
2020-05-15,6.25
2020-05-14,2.0
2020-05-13,0.5
2020-05-12,16.95
2020-05-11,17.5
2020-05-08,16.1
2020-05-07,9.15
2020-05-06,14.3
2020-05-05,8.4
2020-05-04,13.7
2020-05-01,17.25
2020-04-30,9.75
2020-04-29,1.9
2020-04-28,0.0
2020-04-27,0.2
2020-04-24,5.0
2020-04-23,12.7
2020-04-22,0.3
2020-04-21,0.0
2020-04-20,4.35
2020-04-17,8.85
2020-04-16,17.85
2020-04-15,2.85
2020-04-14,8.8
2020-04-13,3.85
2020-04-09,0.0
2020-04-08,0.35
2020-04-07,0.4
2020-04-06,3.1
2020-04-03,0.6
2020-04-02,2.75
2020-04-01,0.0
2020-03-31,0.0
2020-03-30,3.35
2020-03-27,0.0
2020-03-26,0.35
2020-03-25,10.9
2020-03-24,26.65
2020-03-23,23.0
2020-03-20,35.75
2020-03-19,9.5
2020-03-18,4.15
2020-03-17,62.1
2020-03-16,60.25
2020-03-13,30.55
2020-03-12,29.7
2020-03-11,37.5
2020-03-10,28.15
2020-03-09,38.95
2020-03-06,24.35
2020-03-05,19.25
2020-03-04,19.223
2020-03-03,38.918
2020-03-02,25.0
2020-02-28,18.05
2020-02-27,17.65
2020-02-26,21.35
2020-02-25,27.956
2020-02-24,22.7
2020-02-21,9.65
2020-02-20,19.1
2020-02-19,23.4
2020-02-18,26.05
2020-02-14,23.8
2020-02-13,39.139
2020-02-12,28.3
2020-02-11,25.6
2020-02-10,20.95
2020-02-07,24.4
2020-02-06,31.711
2020-02-05,23.2
2020-02-04,32.1
2020-02-03,21.55
2020-01-31,16.35
2020-01-30,39.4
2020-01-29,16.75
2020-01-28,18.6
2020-01-27,23.1
2020-01-24,26.8
2020-01-23,35.1
2020-01-22,16.876
2020-01-21,32.876
2020-01-17,40.75
2020-01-16,35.6
2020-01-15,21.0
2020-01-14,24.5
2020-01-13,30.225
2020-01-10,17.875
2020-01-09,35.625
2020-01-08,16.069
2020-01-07,22.419
2020-01-06,31.995
2020-01-03,18.85
2020-01-02,23.3
2019-12-31,8.35
2019-12-30,17.55
2019-12-27,10.8
2019-12-26,15.8
2019-12-24,15.3
2019-12-23,23.75
2019-12-20,9.0
2019-12-19,24.8
2019-12-18,11.07
2019-12-17,22.25
2019-12-16,33.141
2019-12-13,20.85
2019-12-12,23.55
2019-12-11,16.65
2019-12-10,17.85
2019-12-09,23.245
2019-12-06,16.7
2019-12-05,27.75
2019-12-04,15.2
2019-12-03,19.3
2019-12-02,28.545
2019-11-29,26.4
2019-11-27,34.2
2019-11-26,23.0
2019-11-25,18.75
2019-11-22,16.2
2019-11-21,19.4
2019-11-20,10.75
2019-11-19,14.4
2019-11-18,4.5
2019-11-15,6.3
2019-11-14,18.5
2019-11-13,9.25
2019-11-12,26.766
2019-11-08,7.1
2019-11-07,13.85
2019-11-06,7.523
2019-11-05,12.2
2019-11-04,10.75
2019-11-01,21.7
2019-10-31,17.25
2019-10-30,10.25
2019-10-29,27.262
2019-10-28,9.75
2019-10-25,9.75
2019-10-24,28.744
2019-10-23,7.5
2019-10-22,13.359
2019-10-21,6.7
2019-10-18,8.2
2019-10-17,18.2
2019-10-16,2.408
2019-10-15,17.15
2019-10-11,11.2
2019-10-10,19.3
2019-10-09,4.55
2019-10-08,15.3
2019-10-07,11.05
2019-10-04,9.05
2019-10-03,5.55
2019-10-02,7.05
2019-10-01,4.75
2019-09-30,13.75
2019-09-27,22.7
2019-09-26,39.8
2019-09-25,29.65
2019-09-24,23.158
2019-09-23,15.45
2019-09-20,15.35
2019-09-19,19.157
2019-09-18,22.75
2019-09-17,11.7
2019-05-13,0.022
2019-05-08,0.022
2018-12-04,0.022
2018-11-15,0.022
2018-05-16,0.022
2018-05-09,0.021
2017-11-20,0.022
2017-11-08,0.021
2017-05-24,0.021
2017-05-10,0.02
2016-12-07,0.019
2016-05-25,0.19
2015-12-02,0.18
2015-05-20,0.2
2013-06-27,0.19
2013-06-25,0.19
2013-01-18,0.19
2012-08-07,0.19
2008-12-31,20.0
2008-12-24,20.0
2008-12-17,20.0
2008-12-10,20.0
2008-12-03,20.0
2008-11-26,20.0
2008-11-19,20.0
2008-11-12,20.0
2008-11-05,20.0
2008-10-29,20.0
2008-10-22,20.0
2008-10-15,20.0
2008-10-08,33.55
2008-10-01,20.0
2008-09-24,20.0
2008-09-22,16.0
2008-09-19,16.4
2008-09-18,78.604
2008-09-17,20.0
2008-09-16,28.8
2008-09-15,48.742
2008-09-12,0.0
2008-09-11,23.963
2008-09-10,26.18
2008-09-09,0.118
2008-09-08,0.0
2008-09-05,0.0
2008-09-04,1.848
2008-09-03,20.0
2008-09-02,0.74
2008-08-29,4.53
2008-08-28,5.681
2008-08-27,20.0
2008-08-26,3.0
2008-08-25,0.0
2008-08-22,0.0
2008-08-21,2.86
2008-08-20,20.474
2008-08-19,0.418
2008-08-18,1.153
2008-08-15,5.323
2008-08-14,4.37
2008-08-13,20.0
2008-08-12,0.0
2008-08-11,0.0
2008-08-08,0.0
2008-08-07,5.15
2008-08-06,24.3
2008-08-05,4.445
2008-08-04,0.0
2008-08-01,1.178
2008-07-31,4.828
2008-07-30,30.011
2008-07-29,5.058
2008-07-28,8.319
2008-07-25,2.0
2008-07-24,5.254
2008-07-23,20.357
2008-07-22,3.082
2008-07-21,1.585
2008-07-18,2.25
2008-07-17,8.286
2008-07-16,22.755
2008-07-15,1.306
2008-07-14,2.0
2008-07-11,0.831
2008-07-10,0.053
2008-07-09,20.0
2008-07-08,0.0
2008-07-07,0.0
2008-07-03,1.1
2008-07-02,20.0
2008-07-01,0.5
2008-06-30,0.0
2008-06-27,4.75
2008-06-26,3.75
2008-06-25,26.452
2008-06-24,11.846
2008-06-23,1.32
2008-06-20,2.684
2008-06-19,7.032
2008-06-18,28.75
2008-06-17,0.2
2008-06-16,5.0
2008-06-13,0.0
2008-06-12,2.791
2008-06-11,22.5
2008-06-10,0.0
2008-06-09,0.0
2008-06-06,0.0
2008-06-05,2.487
2008-06-04,20.0
2008-06-03,0.0
2008-06-02,0.0
2008-05-30,2.0
2008-05-29,9.0
2008-05-28,21.357
2008-05-27,0.0
2008-05-23,0.0
2008-05-22,0.0
2008-05-21,34.358
2008-05-20,0.0
2008-05-19,0.0
2008-05-16,0.0
2008-05-15,6.67
2008-05-14,22.433
2008-05-13,0.0
2008-05-12,0.0
2008-05-09,0.0
2008-05-08,0.0
2008-05-07,20.0
2008-05-06,0.0
2008-05-05,0.0
2008-05-02,1.84
2008-05-01,5.205
2008-04-30,22.723
2008-04-29,4.032
2008-04-28,0.0
2008-04-25,0.0
2008-04-24,0.5
2008-04-23,20.0
2008-04-22,0.0
2008-04-21,1.438
2008-04-18,3.0
2008-04-17,2.858
2008-04-16,20.0
2008-04-15,1.7
2008-04-14,0.0
2008-04-11,2.083
2008-04-10,7.317
2008-04-09,23.25
2008-04-08,3.095
2008-04-07,16.0
2008-04-04,0.0
2008-04-03,0.0
2008-04-01,0.0
2008-03-27,9.958
2008-03-26,17.1
2008-03-25,0.0
2008-03-24,1.0
2008-03-20,19.45
2008-03-19,15.0
2008-03-18,3.6
2008-03-17,0.0
2008-03-14,0.25
2008-03-13,0.0
2008-03-12,15.0
2008-03-11,5.1
2008-03-10,15.3
2008-03-07,2.0
2008-03-06,11.25
2008-03-05,0.0
2008-03-04,4.16
2008-03-03,0.0
2008-02-29,4.5
2008-02-28,18.556
2008-02-27,5.562
2008-02-26,5.938
2008-02-25,3.908
2008-02-22,0.0
2008-02-21,5.671
2008-02-20,0.0
2008-02-19,2.0
2008-02-15,1.35
2008-02-14,9.248
2008-02-13,0.0
2008-02-12,0.0
2008-02-11,0.0
2008-02-08,0.0
2008-02-07,0.0
2008-02-06,0.0
2008-02-05,0.0
2008-02-04,0.0
2008-02-01,0.0
2008-01-31,0.0
2008-01-30,2.75
2008-01-29,7.65
2008-01-28,0.0
2008-01-25,0.0
2008-01-24,11.3
2008-01-23,0.0
2008-01-22,2.0
2008-01-18,0.0
2008-01-17,2.218
2008-01-16,0.0
2008-01-15,0.0
2008-01-14,0.0
2008-01-11,2.6
2008-01-10,6.77
2008-01-09,0.0
2008-01-08,0.0
2008-01-07,0.0
2008-01-04,0.0
2008-01-03,3.154
2008-01-02,5.372
2007-12-31,4.737
2007-12-28,5.0
2007-12-27,2.0
2007-12-26,6.0
2007-12-24,4.0
2007-12-21,0.0
2007-12-20,8.981
2007-12-19,0.0
2007-12-18,2.0
2007-12-17,2.0
2007-12-14,3.75
2007-12-13,1.615
2007-12-12,5.662
2007-12-11,1.788
2007-12-10,0.0
2007-12-07,0.0
2007-12-06,0.3
2007-12-05,2.68
2007-12-04,0.0
2007-12-03,0.0
2007-11-30,0.0
2007-11-29,3.75
2007-11-28,15.318
2007-11-27,1.3
2007-11-26,2.592
2007-11-23,0.0
2007-11-21,11.905
2007-11-20,1.601
2007-11-19,0.0
2007-11-16,0.0
2007-11-15,24.05
2007-11-14,0.0
2007-11-13,0.0
2007-11-09,0.0
2007-11-08,6.246
2007-11-07,0.0
2007-11-06,0.0
2007-11-05,0.0
2007-11-02,0.481
2007-11-01,25.015
2007-10-31,1.277
2007-10-30,8.727
2007-10-29,3.078
2007-10-26,0.0
2007-10-25,9.155
2007-10-24,0.0
2007-10-23,0.0
2007-10-22,1.247
2007-10-19,0.0
2007-10-18,5.5
2007-10-17,0.0
2007-10-16,6.2
2007-10-15,6.184
2007-10-12,4.172
2007-10-11,5.578
2007-10-10,2.408
2007-10-09,0.0
2007-10-04,0.64
2007-10-03,0.0
2007-10-02,3.8
2007-10-01,4.0
2007-09-28,0.3
2007-09-27,19.912
2007-09-26,2.0
2007-09-25,1.7
2007-09-24,0.0
2007-09-21,0.0
2007-09-20,21.482
2007-09-19,0.343
2007-09-18,1.0
2007-09-17,0.241
2007-09-14,0.0
2007-09-13,4.578
2007-09-12,3.89
2007-09-11,2.365
2007-09-10,0.34
2007-09-07,0.0
2007-09-06,4.113
2007-09-05,0.0
2007-09-04,0.0
2007-08-31,0.0
2007-08-30,5.184
2007-08-29,4.681
2007-08-28,2.0
2007-08-27,6.209
2007-08-23,8.979
2007-08-22,0.0
2007-08-21,1.0
2007-08-20,2.0
2007-08-17,5.7
2007-08-16,16.278
2007-08-15,4.5
2007-08-13,1.156
2007-08-10,38.0
2007-08-09,10.93
2007-08-08,0.0
2007-08-07,3.657
2007-08-06,0.236
2007-08-03,0.108
2007-08-02,0.0
2007-08-01,3.036
2007-07-31,5.75
2007-07-30,0.175
2007-07-27,7.132
2007-07-26,0.0
2007-07-25,1.46
2007-07-24,0.011
2007-07-23,0.0
2007-07-20,0.0
2007-07-19,3.591
2007-07-18,1.058
2007-07-17,0.975
2007-07-16,3.217
2007-07-13,0.276
2007-07-12,0.182
2007-07-11,0.0
2007-07-10,0.106
2007-07-09,0.0
2007-07-06,0.0
2007-07-05,0.296
2007-07-03,0.0
2007-07-02,0.0
2007-06-29,0.839
2007-06-28,11.556
2007-06-27,2.857
2007-06-26,0.0
2007-06-25,2.736
2007-06-22,1.497
2007-06-21,3.712
2007-06-20,1.903
2007-06-19,0.0
2007-06-18,0.0
2007-06-15,3.751
2007-06-14,4.626
2007-06-13,4.657
2007-06-12,0.62
2007-06-11,0.0
2007-06-08,0.0
2007-06-07,0.0
2007-06-06,0.0
2007-06-05,0.0
2007-06-04,0.0
2007-06-01,0.039
2007-05-31,6.229
2007-05-30,0.717
2007-05-29,0.0
2007-05-25,0.0
2007-05-24,4.188
2007-05-23,1.321
2007-05-22,0.0
2007-05-21,1.257
2007-05-18,0.063
2007-05-17,3.394
2007-05-16,0.0
2007-05-15,0.0
2007-05-14,0.0
2007-05-10,2.312
2007-05-09,0.0
2007-05-08,0.5
2007-05-07,0.186
2007-05-04,0.414
2007-05-03,0.248
2007-05-01,0.0
2007-04-30,2.96
2007-04-26,0.0
2007-04-25,5.88
2007-04-24,0.0
2007-04-23,0.001
2007-04-20,0.891
2007-04-19,0.0
2007-04-18,0.0
2007-04-17,2.0
2007-04-16,2.335
2007-04-13,0.329
2007-04-12,0.0
2007-04-11,0.0
2007-04-10,0.071
2007-04-09,0.0
2007-04-05,0.0
2007-04-04,0.888
2007-04-03,0.0
2007-04-02,0.0
2007-03-30,0.0
2007-03-29,3.476
2007-03-28,0.631
2007-03-27,0.0
2007-03-26,0.405
2007-03-23,0.0
2007-03-22,2.322
2007-03-21,0.0
2007-03-20,0.0
2007-03-19,0.107
2007-03-16,0.52
2007-03-15,0.0
2007-03-14,0.0
2007-03-13,0.0
2007-03-12,1.01
2007-03-09,0.0
2007-03-08,0.0
2007-03-07,0.247
2007-03-06,0.0
2007-03-05,0.744
2007-03-02,0.106
2007-03-01,0.0
2007-02-28,4.478
2007-02-27,0.0
2007-02-26,0.0
2007-02-23,0.0
2007-02-22,0.005
2007-02-21,0.0
2007-02-20,0.0
2007-02-16,0.0
2007-02-15,0.0
2007-02-14,0.0
2007-02-13,0.0
2007-02-12,0.0
2007-02-09,0.0
2007-02-08,0.168
2007-02-07,0.0
2007-02-06,0.609
2007-02-05,0.497
2007-02-02,0.0
2007-02-01,3.522
2007-01-31,1.596
2007-01-30,0.112
2007-01-29,0.0
2007-01-26,1.356
2007-01-25,0.0
2007-01-24,2.855
2007-01-23,0.13
2007-01-22,0.162
2007-01-19,0.0
2007-01-18,0.0
2007-01-17,0.0
2007-01-16,0.417
2007-01-12,1.385
2007-01-11,0.0
2007-01-10,0.0
2007-01-09,0.083
2007-01-08,1.952
2007-01-05,0.011
2007-01-04,2.145
2007-01-03,0.0
2007-01-02,0.0
2006-12-29,1.75
2006-12-28,8.675
2006-12-27,8.13
2006-12-26,4.742
2006-12-22,0.0
2006-12-21,5.794
2006-12-20,3.264
2006-12-19,0.466
2006-12-18,1.5
2006-12-15,1.366
2006-12-14,0.0
2006-12-13,1.0
2006-12-12,0.0
2006-12-11,0.0
2006-12-08,0.081
2006-12-07,0.456
2006-12-06,0.341
2006-12-04,0.0
2006-12-01,0.472
2006-11-30,0.0
2006-11-29,0.0
2006-11-28,0.0
2006-11-27,0.0
2006-11-24,0.0
2006-11-22,1.918
2006-11-21,0.0
2006-11-20,0.0
2006-11-17,0.074
2006-11-16,0.239
2006-11-15,2.055
2006-11-14,0.0
2006-11-13,0.0
2006-11-10,0.0
2006-11-09,0.0
2006-11-08,0.115
2006-11-07,0.0
2006-11-06,0.0
2006-11-03,0.0
2006-11-02,0.0
2006-11-01,0.962
2006-10-31,0.0
2006-10-30,0.0
2006-10-27,0.0
2006-10-26,1.852
2006-10-25,0.8
2006-10-24,0.0
2006-10-23,0.0
2006-10-20,0.0
2006-10-19,0.0
2006-10-18,0.0
2006-10-17,0.0
2006-10-16,0.0
2006-10-13,0.0
2006-10-12,0.0
2006-10-11,0.0
2006-10-10,0.0
2006-10-06,0.255
2006-10-05,0.2
2006-10-04,0.0
2006-10-03,0.0
2006-10-02,0.087
2006-09-29,0.0
2006-09-28,5.572
2006-09-27,0.0
2006-09-26,1.267
2006-09-25,0.0
2006-09-21,0.146
2006-09-20,0.0
2006-09-18,0.0
2006-09-15,0.155
2006-09-14,0.527
2006-09-13,0.0
2006-09-12,0.166
2006-09-11,0.0
2006-09-08,0.033
2006-09-07,0.861
2006-09-06,0.0
2006-09-05,0.0
2006-09-01,0.0
2006-08-31,1.658
2006-08-30,0.843
2006-08-29,0.502
2006-08-28,0.0
2006-08-25,0.0
2006-08-24,0.0
2006-08-23,0.0
2006-08-22,0.0
2006-08-21,0.0
2006-08-18,0.0
2006-08-17,0.0
2006-08-16,0.127
2006-08-15,0.0
2006-08-14,0.0
2006-08-11,0.121
2006-08-10,0.0
2006-08-09,0.0
2006-08-08,0.521
2006-08-07,0.0
2006-08-04,0.0
2006-08-03,2.886
2006-08-02,0.0
2006-08-01,0.0
2006-07-31,0.0
2006-07-28,0.0
2006-07-27,0.0
2006-07-26,0.0
2006-07-25,0.0
2006-07-24,0.0
2006-07-21,0.0
2006-07-20,1.01
2006-07-19,1.413
2006-07-18,0.0
2006-07-17,1.107
2006-07-14,0.0
2006-07-13,0.0
2006-07-12,0.0
2006-07-11,0.0
2006-07-10,0.0
2006-07-07,0.0
2006-07-06,0.0
2006-07-05,0.0
2006-07-03,0.0
2006-06-30,1.628
2006-06-29,14.883
2006-06-28,0.0
2006-06-27,0.0
2006-06-26,0.0
2006-06-23,0.0
2006-06-22,0.38
2006-06-21,0.0
2006-06-19,0.0
2006-06-16,2.002
2006-06-15,3.552
2006-06-14,0.0
2006-06-13,0.0
2006-06-12,0.037
2006-06-09,0.002
2006-06-08,0.825
2006-06-07,0.0
2006-06-06,0.0
2006-06-05,0.0
2006-06-02,0.0
2006-06-01,0.0
2006-05-31,1.84
2006-05-30,0.0
2006-05-26,0.0
2006-05-25,0.531
2006-05-24,0.0
2006-05-23,0.686
2006-05-22,0.0
2006-05-19,0.0
2006-05-18,2.452
2006-05-17,4.5
2006-05-16,4.2
2006-05-15,0.0
2006-05-12,4.25
2006-05-11,10.469
2006-05-10,0.562
2006-05-09,3.353
2006-05-08,8.166
2006-05-05,0.0
2006-05-04,5.938
2006-05-03,0.765
2006-05-02,0.406
2006-05-01,0.291
2006-04-28,5.0
2006-04-27,0.0
2006-04-26,0.276
2006-04-25,2.552
2006-04-24,0.0
2006-04-21,0.0
2006-04-20,0.0
2006-04-19,0.145
2006-04-18,0.42
2006-04-17,0.0
2006-04-13,0.0
2006-04-12,0.0
2006-04-11,0.0
2006-04-10,0.0
2006-04-07,0.0
2006-04-06,0.0
2006-04-05,0.0
2006-04-04,0.0
2006-04-03,0.0
2006-03-31,2.0
2006-03-30,4.134
2006-03-29,2.201
2006-03-28,1.55
2006-03-27,0.0
2006-03-24,1.076
2006-03-23,0.367
2006-03-22,0.45
2006-03-21,0.0
2006-03-20,0.1
2006-03-17,0.0
2006-03-16,0.0
2006-03-15,1.166
2006-03-14,0.0
2006-03-10,0.0
2006-03-09,0.0
2006-03-08,0.0
2006-03-07,0.0
2006-03-06,0.0
2006-03-03,0.0
2006-03-02,1.459
2006-03-01,0.0
2006-02-28,0.405
2006-02-27,0.0
2006-02-24,0.0
2006-02-23,0.29
2006-02-22,0.0
2006-02-21,0.0
2006-02-17,0.0
2006-02-16,0.0
2006-02-15,0.0
2006-02-14,0.0
2006-02-13,1.0
2006-02-10,0.0
2006-02-09,0.132
2006-02-08,0.0
2006-02-07,0.344
2006-02-06,0.0
2006-02-03,0.0
2006-02-02,0.379
2006-02-01,0.0
2006-01-31,0.565
2006-01-30,1.642
2006-01-27,0.0
2006-01-26,1.468
2006-01-25,0.0
2006-01-24,1.342
2006-01-23,1.464
2006-01-20,0.0
2006-01-19,0.0
2006-01-18,0.475
2006-01-17,0.504
2006-01-13,3.97
2006-01-12,0.163
2006-01-09,0.0
2006-01-06,1.258
2006-01-05,0.288
2006-01-04,0.0
2006-01-03,0.0
2005-12-30,6.45
2005-12-29,9.74
2005-12-28,0.0
2005-12-27,4.25
2005-12-23,2.813
2005-12-22,1.444
2005-12-21,1.0
2005-12-19,0.0
2005-12-16,0.0
2005-12-15,0.21
2005-12-14,0.0
2005-12-13,0.0
2005-12-12,0.0
2005-12-09,0.0
2005-12-08,2.931
2005-12-07,0.0
2005-12-06,4.073
2005-12-05,0.0
2005-12-02,0.0
2005-12-01,3.079
2005-11-30,2.125
2005-11-29,0.0
2005-11-28,1.683
2005-11-25,0.0
2005-11-23,0.639
2005-11-22,3.263
2005-11-21,0.0
2005-11-18,0.442
2005-11-17,0.048
2005-11-16,0.0
2005-11-15,0.0
2005-11-14,0.0
2005-11-10,0.0
2005-11-09,0.132
2005-11-08,0.0
2005-11-07,0.0
2005-11-04,0.0
2005-11-03,0.0
2005-11-02,0.0
2005-11-01,0.0
2005-10-31,0.297
2005-10-28,3.279
2005-10-27,0.43
2005-10-26,0.0
2005-10-25,0.0
2005-10-24,0.539
2005-10-21,0.215
2005-10-20,0.0
2005-10-19,0.0
2005-10-18,0.0
2005-10-17,0.533
2005-10-14,0.5
2005-10-13,0.31
2005-10-12,0.75
2005-10-11,2.004
2005-10-07,1.0
2005-10-06,0.0
2005-10-05,0.0
2005-10-04,0.0
2005-10-03,0.0
2005-09-30,0.447
2005-09-29,4.049
2005-09-28,5.134
2005-09-27,3.001
2005-09-26,8.633
2005-09-23,0.16
2005-09-22,2.0
2005-09-21,0.0
2005-09-20,0.0
2005-09-19,2.516
2005-09-16,0.066
2005-09-15,2.34
2005-09-14,0.415
2005-09-13,0.0
2005-09-12,1.792
2005-09-09,0.5
2005-09-08,1.586
2005-09-07,0.0
2005-09-06,0.0
2005-09-02,0.0
2005-09-01,1.804
2005-08-31,3.456
2005-08-30,0.0
2005-08-29,2.315
2005-08-26,2.426
2005-08-25,0.283
2005-08-24,0.0
2005-08-23,0.0
2005-08-22,0.0
2005-08-19,0.0
2005-08-18,0.0
2005-08-17,0.0
2005-08-16,0.0
2005-08-15,0.0
2005-08-12,0.0
2005-08-11,0.0
2005-08-10,1.136
2005-08-09,0.0
2005-08-08,0.2
2005-08-05,0.0
2005-08-04,0.0
2005-08-03,0.0
2005-08-02,0.671
2005-08-01,0.0
2005-07-29,0.0
2005-07-28,0.0
2005-07-27,0.0
2005-07-26,0.0
2005-07-25,0.0
2005-07-22,0.0
2005-07-21,0.0
2005-07-20,0.779
2005-07-19,0.0
2005-07-18,0.0
2005-07-15,0.0
2005-07-14,0.0
2005-07-13,0.0
2005-07-12,0.0
2005-07-11,0.0
2005-07-08,0.0
2005-07-07,0.177
2005-07-06,0.0
2005-07-05,0.44
2005-06-30,8.725
2005-06-29,6.715
2005-06-28,6.409
2005-06-27,3.816
2005-06-24,0.0
2005-06-23,0.0
2005-06-22,0.0
2005-06-21,0.0
2005-06-20,0.0
2005-06-17,0.635
2005-06-16,0.5
2005-06-15,0.0
2005-06-14,0.045
2005-06-13,0.0
2005-06-10,0.0
2005-06-09,0.0
2005-06-08,0.0
2005-06-07,0.0
2005-06-06,0.0
2005-06-03,0.0
2005-06-02,0.0
2005-06-01,0.0
2005-05-31,0.336
2005-05-27,0.0
2005-05-26,0.0
2005-05-25,0.0
2005-05-24,0.0
2005-05-23,0.0
2005-05-20,0.0
2005-05-19,0.0
2005-05-18,0.0
2005-05-17,0.0
2005-05-16,0.0
2005-05-13,0.106
2005-05-12,0.0
2005-05-11,0.0
2005-05-10,0.0
2005-05-09,0.0
2005-05-06,0.0
2005-05-05,0.0
2005-05-04,0.0
2005-05-03,0.0
2005-05-02,0.0
2005-04-29,0.0
2005-04-28,0.0
2005-04-27,0.5
2005-04-26,0.0
2005-04-25,0.616
2005-04-22,0.0
2005-04-21,0.0
2005-04-20,0.0
2005-04-19,0.0
2005-04-18,0.5
2005-04-15,1.455
2005-04-14,0.134
2005-04-13,0.0
2005-04-12,0.0
2005-04-11,0.0
2005-04-08,0.0
2005-04-07,0.0
2005-04-06,0.0
2005-04-05,0.0
2005-04-04,0.0
2005-04-01,0.0
2005-03-31,5.222
2005-03-30,0.0
2005-03-29,2.8
2005-03-28,1.597
2005-03-24,2.486
2005-03-23,0.154
2005-03-22,0.365
2005-03-21,0.593
2005-03-18,0.398
2005-03-17,0.0
2005-03-16,0.0
2005-03-15,0.0
2005-03-14,0.0
2005-03-11,0.146
2005-03-10,0.193
2005-03-09,0.0
2005-03-08,0.0
2005-03-07,0.0
2005-03-04,0.0
2005-03-03,0.563
2005-03-02,0.0
2005-02-28,1.206
2005-02-25,0.0
2005-02-24,0.111
2005-02-23,1.373
2005-02-22,0.0
2005-02-18,0.0
2005-02-17,0.0
2005-02-16,0.0
2005-02-14,0.0
2005-02-10,0.0
2005-02-08,0.0
2005-02-07,0.0
2005-02-04,0.0
2005-02-03,0.0
2005-02-02,0.37
2005-02-01,0.0
2005-01-31,0.0
2005-01-28,0.0
2005-01-27,2.013
2005-01-26,0.0
2005-01-25,0.074
2005-01-24,0.0
2005-01-21,0.0
2005-01-20,0.0
2005-01-19,0.454
2005-01-18,0.0
2005-01-14,0.0
2005-01-13,0.0
2005-01-12,0.0
2005-01-11,0.0
2005-01-10,0.0
2005-01-07,0.0
2005-01-06,0.396
2005-01-05,0.923
2005-01-04,0.0
2005-01-03,0.0
2004-12-31,1.07
2004-12-30,6.26
2004-12-29,4.55
2004-12-28,5.097
2004-12-27,9.619
2004-12-23,1.899
2004-12-22,0.0
2004-12-21,3.208
2004-12-20,0.0
2004-12-17,0.521
2004-12-16,6.05
2004-12-15,0.902
2004-12-14,1.167
2004-12-13,0.0
2004-12-10,0.0
2004-12-09,1.684
2004-12-08,0.0
2004-12-07,0.0
2004-12-06,2.179
2004-12-03,0.0
2004-12-02,0.0
2004-12-01,0.611
2004-11-29,4.8
2004-11-26,2.65
2004-11-24,3.32
2004-11-23,0.297
2004-11-22,1.4
2004-11-18,0.005
2004-11-17,0.419
2004-11-16,0.0
2004-11-15,0.521
2004-11-12,0.0
2004-11-10,1.75
2004-11-09,1.65
2004-11-08,0.0
2004-11-05,0.0
2004-11-04,0.039
2004-11-03,0.492
2004-11-02,0.0
2004-11-01,0.0
2004-10-29,2.102
2004-10-28,0.0
2004-10-27,0.0
2004-10-26,0.0
2004-10-25,1.225
2004-10-22,0.047
2004-10-21,0.0
2004-10-20,0.0
2004-10-19,0.282
2004-10-18,1.25
2004-10-15,3.672
2004-10-14,0.0
2004-10-13,0.0
2004-10-12,1.407
2004-10-08,0.0
2004-10-07,0.0
2004-10-06,0.0
2004-10-05,0.0
2004-10-04,0.0
2004-10-01,0.732
2004-09-30,5.2
2004-09-29,0.0
2004-09-28,2.667
2004-09-27,0.0
2004-09-24,0.0
2004-09-23,0.779
2004-09-22,0.399
2004-09-21,0.0
2004-09-20,0.0
2004-09-17,0.424
2004-09-16,3.229
2004-09-15,0.715
2004-09-14,0.269
2004-09-13,0.261
2004-09-10,0.0
2004-09-09,0.0
2004-09-08,0.0
2004-09-07,0.0
2004-09-03,0.0
2004-09-02,0.0
2004-09-01,0.0
2004-08-31,0.31
2004-08-30,0.923
2004-08-27,0.0
2004-08-26,0.077
2004-08-25,0.0
2004-08-24,0.0
2004-08-23,0.0
2004-08-20,0.0
2004-08-19,0.519
2004-08-18,0.178
2004-08-17,0.0
2004-08-16,0.0
2004-08-13,0.0
2004-08-12,0.215
2004-08-10,0.0
2004-08-09,0.0
2004-08-06,0.0
2004-08-05,0.931
2004-08-04,0.0
2004-08-03,0.0
2004-08-02,0.0
2004-07-30,1.5
2004-07-29,0.0
2004-07-28,0.0
2004-07-27,0.0
2004-07-26,0.031
2004-07-23,0.0
2004-07-22,0.0
2004-07-21,1.331
2004-07-20,0.0
2004-07-19,0.0
2004-07-16,0.0
2004-07-15,0.005
2004-07-14,0.0
2004-07-13,0.0
2004-07-12,0.0
2004-07-09,0.195
2004-07-08,1.05
2004-07-07,0.0
2004-07-06,0.0
2004-07-02,0.007
2004-07-01,0.0
2004-06-30,1.5
2004-06-29,3.75
2004-06-28,0.594
2004-06-25,0.0
2004-06-24,1.769
2004-06-23,0.322
2004-06-22,0.0
2004-06-21,0.0
2004-06-18,0.0
2004-06-17,0.05
2004-06-15,0.0
2004-06-14,0.0
2004-06-10,0.0
2004-06-09,0.124
2004-06-08,0.176
2004-06-07,0.0
2004-06-03,0.0
2004-06-02,0.122
2004-06-01,2.5
2004-05-28,0.0
2004-05-27,2.0
2004-05-26,0.0
2004-05-24,0.269
2004-05-21,0.0
2004-05-20,0.17
2004-05-19,0.0
2004-05-18,0.0
2004-05-17,0.0
2004-05-14,0.0
2004-05-13,3.176
2004-05-12,0.0
2004-05-11,0.0
2004-05-10,0.0
2004-05-07,0.781
2004-05-06,0.4
2004-05-05,0.0
2004-05-03,0.908
2004-04-30,2.915
2004-04-29,5.073
2004-04-28,0.094
2004-04-27,5.354
2004-04-26,1.111
2004-04-23,1.082
2004-04-22,1.305
2004-04-19,0.681
2004-04-16,0.0
2004-04-15,1.288
2004-04-14,0.34
2004-04-13,0.032
2004-04-12,0.0
2004-04-08,0.053
2004-04-07,0.224
2004-04-06,0.014
2004-04-05,0.0
2004-04-02,0.0
2004-04-01,0.016
2004-03-31,0.844
2004-03-30,0.0
2004-03-29,0.0
2004-03-26,0.036
2004-03-25,0.05
2004-03-24,0.0
2004-03-23,0.0
2004-03-22,0.0
2004-03-19,0.0
2004-03-18,0.481
2004-03-17,0.0
2004-03-15,0.0
2004-03-12,0.0
2004-03-11,0.0
2004-03-10,0.0
2004-03-09,0.0
2004-03-08,0.0
2004-03-04,0.0
2004-03-03,0.0
2004-03-02,0.0
2004-03-01,0.067
2004-02-27,1.25
2004-02-26,1.013
2004-02-24,0.0
2004-02-23,0.0
2004-02-20,0.0
2004-02-19,0.0
2004-02-18,0.589
2004-02-17,1.046
2004-02-13,0.0
2004-02-12,0.0
2004-02-11,0.0
2004-02-10,0.268
2004-02-09,0.0
2004-02-06,0.0
2004-02-05,0.074
2004-02-04,0.189
2004-02-02,0.428
2004-01-30,0.114
2004-01-29,0.389
2004-01-28,0.0
2004-01-27,0.148
2004-01-26,0.0
2004-01-23,0.0
2004-01-22,0.843
2004-01-21,0.947
2004-01-20,0.26
2004-01-16,0.072
2004-01-15,3.144
2004-01-14,0.218
2004-01-13,0.0
2004-01-12,0.391
2004-01-08,0.074
2004-01-05,0.716
2004-01-02,0.0
2003-12-31,0.45
2003-12-30,0.368
2003-12-29,4.405
2003-12-26,1.325
2003-12-24,5.3
2003-12-23,0.072
2003-12-22,0.0
2003-12-19,0.068
2003-12-18,2.507
2003-12-15,2.547
2003-12-12,0.0
2003-12-11,0.174
2003-12-10,0.0
2003-12-08,0.0
2003-12-05,0.0
2003-12-04,0.616
2003-12-03,0.0
2003-12-02,0.191
2003-12-01,0.0
2003-11-28,1.596
2003-11-26,1.365
2003-11-25,0.1
2003-11-24,0.0
2003-11-21,0.0
2003-11-20,0.0
2003-11-19,0.0
2003-11-18,0.023
2003-11-17,0.155
2003-11-14,0.0
2003-11-13,0.997
2003-11-12,0.0
2003-11-10,0.0
2003-11-07,0.0
2003-11-06,0.0
2003-11-03,0.0
2003-10-31,0.889
2003-10-30,2.285
2003-10-28,0.0
2003-10-24,0.033
2003-10-23,3.901
2003-10-22,0.0
2003-10-21,0.075
2003-10-20,0.0
2003-10-17,0.25
2003-10-16,1.86
2003-10-15,0.0
2003-10-14,0.0
2003-10-10,3.896
2003-10-09,0.427
2003-10-08,0.0
2003-10-07,0.0
2003-10-06,0.0
2003-10-03,0.0
2003-10-02,2.789
2003-10-01,1.013
2003-09-30,0.4
2003-09-29,0.35
2003-09-26,1.448
2003-09-25,3.147
2003-09-24,0.0
2003-09-23,0.0
2003-09-22,0.0
2003-09-19,0.0
2003-09-18,1.679
2003-09-17,0.046
2003-09-16,0.0
2003-09-15,0.0
2003-09-12,0.0
2003-09-11,0.353
2003-09-10,0.0
2003-09-09,0.0
2003-09-08,0.0
2003-09-04,2.07
2003-09-03,0.0
2003-09-02,0.0
2003-08-29,1.3
2003-08-28,1.376
2003-08-27,1.787
2003-08-26,0.474
2003-08-25,0.0
2003-08-22,0.0
2003-08-21,0.0
2003-08-20,2.069
2003-08-19,0.569
2003-08-18,0.2
2003-08-15,3.452
2003-08-14,0.0
2003-08-13,0.236
2003-08-11,0.007
2003-08-08,0.0
2003-08-07,2.587
2003-08-06,0.0
2003-08-05,0.0
2003-08-04,0.0
2003-08-01,1.245
2003-07-31,1.158
2003-07-30,3.527
2003-07-29,2.141
2003-07-28,0.0
2003-07-25,0.0
2003-07-24,0.028
2003-07-23,0.0
2003-07-21,0.327
2003-07-18,0.375
2003-07-17,1.212
2003-07-16,0.3
2003-07-15,0.0
2003-07-14,0.0
2003-07-11,0.0
2003-07-10,2.394
2003-07-09,0.0
2003-07-08,0.0
2003-07-07,0.0
2003-07-03,1.058
2003-07-02,2.27
2003-07-01,4.773
2003-06-30,3.1
2003-06-27,5.1
2003-06-26,1.043
2003-06-24,0.0
2003-06-23,0.1
2003-06-19,1.1
2003-06-16,0.0
2003-06-13,0.161
2003-06-12,0.209
2003-06-11,0.197
2003-06-10,0.511
2003-06-09,0.0
2003-06-05,0.808
2003-06-03,0.0
2003-06-02,0.0
2003-05-30,3.5
2003-05-29,6.89
2003-05-28,0.0
2003-05-27,3.636
2003-05-23,0.5
2003-05-22,2.739
2003-05-21,0.0
2003-05-20,0.606
2003-05-19,2.049
2003-05-16,0.743
2003-05-15,2.069
2003-05-14,0.332
2003-05-13,0.0
2003-05-12,0.45
2003-05-09,0.0
2003-05-08,2.068
2003-05-07,4.0
2003-05-05,1.0
2003-05-02,0.0
2003-05-01,0.0
2003-04-30,0.875
2003-04-29,2.97
2003-04-28,2.593
2003-04-25,0.0
2003-04-24,1.127
2003-04-23,1.606
2003-04-22,2.887
2003-04-21,2.134
2003-04-17,1.219
2003-04-16,1.3
2003-04-15,0.01
2003-04-14,1.636
2003-04-11,0.013
2003-04-10,0.764
2003-04-07,2.244
2003-04-04,0.0
2003-04-03,0.039
2003-04-02,0.0
2003-04-01,0.872
2003-03-31,3.528
2003-03-28,0.283
2003-03-27,1.025
2003-03-26,0.191
2003-03-25,0.078
2003-03-24,1.017
2003-03-20,0.514
2003-03-17,0.0
2003-03-14,2.27
2003-03-13,1.323
2003-03-12,0.0
2003-03-11,0.087
2003-03-10,0.0
2003-03-07,0.0
2003-03-06,0.991
2003-03-05,0.0
2003-03-04,0.0
2003-03-03,0.0
2003-02-28,1.85
2003-02-27,0.027
2003-02-26,0.02
2003-02-24,0.233
2003-02-21,2.0
2003-02-20,0.117
2003-02-19,4.993
2003-02-18,1.487
2003-02-14,0.0
2003-02-13,0.12
2003-02-12,0.0
2003-02-11,0.0
2003-02-10,0.0
2003-02-06,0.0
2003-02-05,0.642
2003-02-04,0.009
2003-02-03,0.0
2003-01-31,2.064
2003-01-30,0.661
2003-01-29,0.191
2003-01-28,1.688
2003-01-27,1.421
2003-01-24,0.823
2003-01-23,0.365
2003-01-22,0.318
2003-01-21,0.0
2003-01-17,0.55
2003-01-16,0.0
2003-01-15,0.156
2003-01-14,0.352
2003-01-13,0.375
2003-01-10,0.23
2003-01-09,0.0
2003-01-08,0.0
2003-01-06,0.319
2003-01-02,0.25
2002-12-31,0.0
2002-12-30,0.667
2002-12-27,0.278
2002-12-26,5.25
2002-12-24,0.0
2002-12-23,0.0
2002-12-20,0.951
2002-12-19,1.05
2002-12-18,0.0
2002-12-17,0.0
2002-12-16,1.288
2002-12-13,0.794
2002-12-12,3.924
2002-12-11,0.32
2002-12-10,0.19
2002-12-09,0.0
2002-12-05,0.0
2002-12-03,0.0
2002-12-02,0.0
2002-11-29,0.0
2002-11-27,3.466
2002-11-26,2.609
2002-11-25,0.38
2002-11-22,0.853
2002-11-21,0.224
2002-11-18,0.263
2002-11-15,0.404
2002-11-14,1.818
2002-11-13,0.738
2002-11-12,0.0
2002-11-08,0.019
2002-11-07,0.793
2002-11-05,1.0
2002-11-04,0.0
2002-11-01,0.271
2002-10-31,0.096
2002-10-30,1.453
2002-10-29,0.0
2002-10-28,0.5
2002-10-25,0.0
2002-10-24,0.073
2002-10-23,0.029
2002-10-22,0.0
2002-10-18,0.0
2002-10-17,2.0
2002-10-16,0.0
2002-10-15,0.0
2002-10-11,0.462
2002-10-10,0.0
2002-10-03,0.0
2002-10-02,0.0
2002-10-01,0.371
2002-09-30,0.956
2002-09-27,0.637
2002-09-26,0.0
2002-09-25,0.5
2002-09-19,0.0
2002-09-18,0.175
2002-09-16,0.0
2002-09-13,0.723
2002-09-12,0.0
2002-09-10,2.6
2002-09-09,0.0
2002-09-06,0.0
2002-09-05,0.122
2002-09-04,0.0
2002-09-03,0.212
2002-08-30,1.65
2002-08-29,3.512
2002-08-28,0.0
2002-08-27,0.0
2002-08-22,0.035
2002-08-21,0.0
2002-08-19,0.063
2002-08-15,1.522
2002-08-14,1.406
2002-08-08,0.885
2002-08-07,0.0
2002-08-06,0.126
2002-08-05,1.822
2002-08-01,0.412
2002-07-31,0.944
2002-07-30,0.0
2002-07-25,0.0
2002-07-24,1.317
2002-07-23,1.5
2002-07-22,0.0
2002-07-19,0.0
2002-07-18,0.664
2002-07-17,0.0
2002-07-16,0.0
2002-07-15,0.092
2002-07-11,0.825
2002-07-08,0.0
2002-07-03,0.0
2002-07-02,0.0
2002-07-01,0.361
2002-06-28,0.303
2002-06-27,0.0
2002-06-26,4.745
2002-06-25,1.0
2002-06-24,1.485
2002-06-21,0.0
2002-06-20,4.485
2002-06-19,0.0
2002-06-18,0.265
2002-06-17,0.9
2002-06-14,0.375
2002-06-13,3.359
2002-06-12,2.6
2002-06-10,1.026
2002-06-07,0.0
2002-06-06,0.187
2002-06-05,0.052
2002-06-04,0.0
2002-06-03,0.0
2002-05-31,0.2
2002-05-30,1.358
2002-05-29,1.9
2002-05-28,4.329
2002-05-24,1.204
2002-05-23,0.417
2002-05-20,1.297
2002-05-17,0.0
2002-05-16,1.094
2002-05-15,0.102
2002-05-14,0.3
2002-05-13,0.0
2002-05-10,0.286
2002-05-09,0.169
2002-05-06,0.0
2002-05-02,0.552
2002-05-01,0.257
2002-04-30,1.711
2002-04-29,0.095
2002-04-26,1.746
2002-04-25,0.0
2002-04-24,0.0
2002-04-23,0.17
2002-04-22,0.0
2002-04-19,0.0
2002-04-18,1.943
2002-04-17,0.0
2002-04-15,0.528
2002-04-12,0.0
2002-04-11,2.596
2002-04-09,0.0
2002-04-08,0.0
2002-04-04,2.878
2002-04-03,0.228
2002-04-02,0.0
2002-04-01,0.0
2002-03-28,2.529
2002-03-27,0.397
2002-03-25,0.0
2002-03-21,1.348
2002-03-20,1.6
2002-03-18,0.0
2002-03-15,2.11
2002-03-14,1.079
2002-03-12,0.036
2002-03-07,0.156
2002-03-06,0.225
2002-03-04,0.0
2002-03-01,0.0
2002-02-28,0.0
2002-02-27,0.2
2002-02-26,0.0
2002-02-21,0.336
2002-02-20,2.723
2002-02-19,0.3
2002-02-15,0.278
2002-02-14,0.846
2002-02-12,0.117
2002-02-11,0.0
2002-02-08,0.953
2002-02-07,0.487
2002-02-06,0.0
2002-02-05,0.0
2002-02-04,0.0
2002-02-01,0.898
2002-01-31,4.214
2002-01-30,1.665
2002-01-28,0.669
2002-01-24,2.897
2002-01-23,1.824
2002-01-22,0.2
2002-01-17,1.0
2002-01-16,0.0
2002-01-15,3.5
2002-01-14,0.0
2002-01-10,0.752
2002-01-09,1.593
2002-01-07,0.062
2002-01-03,0.124
2002-01-02,0.0
2001-12-31,2.081
2001-12-28,2.56
2001-12-27,7.0
2001-12-26,1.415
2001-12-24,2.945
2001-12-21,2.464
2001-12-20,0.5
2001-12-18,0.5
2001-12-17,0.966
2001-12-14,0.0
2001-12-13,2.181
2001-12-12,2.05
2001-12-10,3.353
2001-12-06,0.875
2001-12-04,0.0
2001-12-03,0.2
2001-11-30,0.2
2001-11-29,3.5
2001-11-28,0.75
2001-11-27,0.325
2001-11-26,2.65
2001-11-23,0.0
2001-11-21,3.23
2001-11-20,0.25
2001-11-19,0.96
2001-11-16,0.0
2001-11-15,6.455
2001-11-14,1.965
2001-11-13,2.44
2001-11-09,0.05
2001-11-08,0.7
2001-11-07,0.0
2001-11-06,0.0
2001-11-05,0.84
2001-11-02,0.0
2001-11-01,0.92
2001-10-31,0.91
2001-10-30,0.03
2001-10-29,0.575
2001-10-26,0.16
2001-10-25,0.0
2001-10-24,2.75
2001-10-23,0.5
2001-10-22,0.855
2001-10-19,0.135
2001-10-18,2.3
2001-10-17,0.0
2001-10-15,0.81
2001-10-11,4.06
2001-10-09,0.2
2001-10-04,2.525
2001-10-01,0.4
2001-09-28,3.65
2001-09-27,4.5
2001-09-26,0.81
2001-09-25,2.2
2001-09-24,2.295
2001-09-21,0.0
2001-09-20,0.0
2001-09-10,0.0
2001-09-06,0.335
2001-09-05,0.0
2001-09-04,1.3
2001-08-31,0.0
2001-08-30,1.73
2001-08-29,0.17
2001-08-28,0.0
2001-08-27,0.325
2001-08-23,0.0
2001-08-22,1.395
2001-08-20,0.785
2001-08-17,0.0
2001-08-16,0.145
2001-08-15,0.0
2001-08-14,0.895
2001-08-13,0.7
2001-08-10,0.0
2001-08-09,0.205
2001-08-08,0.955
2001-08-06,1.455
2001-08-02,0.2
2001-08-01,0.72
2001-07-31,1.3
2001-07-30,0.0
2001-07-27,0.0
2001-07-26,1.225
2001-07-25,0.965
2001-07-24,0.9
2001-07-23,0.095
2001-07-20,0.0
2001-07-19,0.185
2001-07-18,0.0
2001-07-17,0.05
2001-07-16,0.0
2001-07-13,0.0
2001-07-12,0.0
2001-07-11,0.61
2001-07-10,0.0
2001-07-09,0.5
2001-07-06,0.0
2001-07-05,0.165
2001-07-03,0.63
2001-07-02,0.5
2001-06-29,1.05
2001-06-28,2.225
2001-06-27,0.235
2001-06-25,2.275
2001-06-22,0.0
2001-06-21,1.93
2001-06-20,0.215
2001-06-19,0.45
2001-06-18,0.0
2001-06-15,0.2
2001-06-14,2.0
2001-06-11,0.805
2001-06-07,0.365
2001-06-05,0.0
2001-06-04,0.0
2001-06-01,0.0
2001-05-31,1.625
2001-05-30,1.03
2001-05-29,2.4
2001-05-25,0.0
2001-05-24,3.15
2001-05-23,0.0
2001-05-22,2.0
2001-05-21,0.345
2001-05-18,0.025
2001-05-17,0.91
2001-05-16,6.575
2001-05-15,1.29
2001-05-14,1.45
2001-05-11,0.355
2001-05-10,0.0
2001-05-09,0.0
2001-05-07,0.0
2001-05-03,1.795
2001-05-02,0.665
2001-05-01,2.76
2001-04-30,0.855
2001-04-27,0.2
2001-04-26,3.185
2001-04-23,0.75
2001-04-19,1.94
2001-04-18,0.35
2001-04-17,0.275
2001-04-16,1.175
2001-04-09,0.75
2001-04-05,1.905
2001-04-04,0.0
2001-04-03,0.0
2001-04-02,0.333
2001-03-30,1.39
2001-03-29,0.495
2001-03-26,0.0
2001-03-22,0.26
2001-03-21,2.5
2001-03-19,2.86
2001-03-16,0.58
2001-03-15,1.61
2001-03-12,1.525
2001-03-09,0.0
2001-03-08,0.21
2001-03-07,0.025
2001-03-06,0.265
2001-03-05,0.0
2001-03-02,0.0
2001-03-01,0.45
2001-02-28,2.04
2001-02-26,2.16
2001-02-22,0.9
2001-02-21,0.0
2001-02-20,1.67
2001-02-16,0.0
2001-02-15,0.25
2001-02-12,0.745
2001-02-08,0.77
2001-02-07,1.8
2001-02-06,0.165
2001-02-05,0.465
2001-02-01,0.65
2001-01-31,0.45
2001-01-30,0.0
2001-01-29,1.005
2001-01-26,0.0
2001-01-25,0.12
2001-01-24,1.305
2001-01-23,0.105
2001-01-22,0.875
2001-01-19,0.915
2001-01-18,0.2
2001-01-17,1.17
2001-01-16,1.25
2001-01-12,0.985
2001-01-11,1.57
2001-01-10,1.085
2001-01-09,0.0
2001-01-08,1.15
2001-01-05,0.235
2001-01-04,0.0
2001-01-02,4.685
2000-12-29,2.1
2000-12-28,5.17
2000-12-27,2.02
2000-12-26,4.51
2000-12-21,4.37
2000-12-20,0.0
2000-12-19,0.0
2000-12-18,1.7
2000-12-15,0.3
2000-12-14,0.475
2000-12-13,0.34
2000-12-11,0.0
2000-12-07,1.44
2000-12-06,0.0
2000-12-05,0.0
2000-12-04,0.0
2000-12-01,0.0
2000-11-30,2.35
2000-11-29,0.0
2000-11-27,0.91
2000-11-24,0.57
2000-11-22,2.245
2000-11-21,0.0
2000-11-20,2.88
2000-11-17,0.0
2000-11-16,0.515
2000-11-15,0.97
2000-11-14,0.0
2000-11-13,1.49
2000-11-10,0.065
2000-11-09,0.57
2000-11-06,0.225
2000-11-03,0.0
2000-11-02,0.1
2000-11-01,0.0
2000-10-31,0.7
2000-10-30,0.4
2000-10-27,1.365
2000-10-26,0.005
2000-10-23,0.695
2000-10-20,0.0
2000-10-19,0.0
2000-10-18,0.185
2000-10-16,3.425
2000-10-13,0.225
2000-10-12,0.08
2000-10-11,0.03
2000-10-10,0.43
2000-10-05,0.0
2000-10-04,0.35
2000-10-02,1.585
2000-09-29,0.3
2000-09-28,0.0
2000-09-27,0.25
2000-09-25,0.165
2000-09-22,0.0
2000-09-21,1.485
2000-09-20,0.0
2000-09-19,0.5
2000-09-18,1.15
2000-09-15,0.19
2000-09-14,0.34
2000-09-13,0.0
2000-09-11,0.3
2000-09-07,0.0
2000-09-06,0.0
2000-09-05,1.545
2000-09-01,0.0
2000-08-31,2.6
2000-08-28,1.69
2000-08-23,0.23
2000-08-21,2.6
2000-08-17,3.16
2000-08-15,0.16
2000-08-14,0.25
2000-08-09,0.52
2000-08-07,3.52
2000-08-01,0.46
2000-07-31,1.9
2000-07-28,0.075
2000-07-27,0.0
2000-07-26,0.0
2000-07-25,0.0
2000-07-24,0.25
2000-07-20,0.28
2000-07-17,0.0
2000-07-13,0.0
2000-07-12,0.25
2000-07-11,0.0
2000-07-10,0.4
2000-07-07,0.0
2000-07-06,1.21
2000-07-05,0.0
2000-07-03,3.25
2000-06-30,3.7
2000-06-29,2.995
2000-06-28,0.5
2000-06-27,0.055
2000-06-26,0.74
2000-06-22,1.0
2000-06-21,0.4
2000-06-19,1.3
2000-06-15,2.06
2000-06-14,0.0
2000-06-12,1.685
2000-06-08,0.825
2000-06-05,1.53
2000-06-02,0.0
2000-06-01,3.5
2000-05-31,0.385
2000-05-30,0.5
2000-05-26,0.3
2000-05-25,0.88
2000-05-22,4.0
2000-05-18,1.9
2000-05-17,1.125
2000-05-16,1.905
2000-05-15,1.56
2000-05-12,0.615
2000-05-11,2.965
2000-05-09,6.85
2000-05-08,0.34
2000-05-04,1.39
2000-05-03,1.5
2000-05-02,1.84
2000-05-01,4.175
2000-04-28,0.475
2000-04-27,3.04
2000-04-26,2.165
2000-04-25,2.955
2000-04-24,2.855
2000-04-21,0.0
2000-04-19,1.04
2000-04-18,0.38
2000-04-17,0.62
2000-04-12,0.0
2000-04-11,0.0
2000-04-10,0.0
2000-04-06,0.115
2000-04-05,0.0
2000-04-03,0.0
2000-03-31,0.5
2000-03-30,1.1
2000-03-29,1.09
2000-03-28,0.3
2000-03-27,0.54
2000-03-24,0.0
2000-03-23,0.125
2000-03-22,0.45
2000-03-21,0.63
2000-03-20,0.0
2000-03-16,2.0
2000-03-15,0.0
2000-03-14,1.0
2000-03-13,0.0
2000-03-10,1.6
2000-03-09,0.13
2000-03-08,0.0
2000-03-07,0.0
2000-03-06,0.0
2000-03-01,0.22
2000-02-29,0.415
2000-02-28,1.175
2000-02-25,0.42
2000-02-24,0.0
2000-02-22,3.02
2000-02-17,0.0
2000-02-16,0.455
2000-02-15,0.0
2000-02-14,0.0
2000-02-11,0.97
2000-02-10,5.625
2000-02-09,0.75
2000-02-07,1.01
2000-02-04,0.43
2000-02-03,1.24
2000-02-02,0.0
2000-02-01,1.89
2000-01-31,5.335
2000-01-28,0.32
2000-01-27,3.695
2000-01-24,0.7
2000-01-20,0.57
2000-01-18,1.875
2000-01-13,0.815
2000-01-10,0.0
2000-01-05,1.0
2000-01-03,5.37
